                  epoch,         train/box_loss,         train/cls_loss,         train/dfl_loss,   metrics/precision(B),      metrics/recall(B),       metrics/mAP50(B),    metrics/mAP50-95(B),           val/box_loss,           val/cls_loss,           val/dfl_loss,                 lr/pg0,                 lr/pg1,                 lr/pg2
                      1,                0.55512,                 2.0944,                 1.1091,                0.62603,                0.48825,                0.67165,                0.57018,                0.79086,                 2.6718,                 1.3674,                 0.0004,                 0.0004,                 0.0004
                      2,                0.45889,                 1.4058,                 1.0302,                0.41317,                0.67602,                0.48632,                0.43442,                0.53784,                 1.6261,                 1.2397,             0.00065163,             0.00065163,             0.00065163
                      3,                0.44182,                 1.2945,                 1.0303,                0.67083,                    0.4,                0.42976,                0.27234,                0.87178,                 1.8034,                  1.561,              0.0007399,              0.0007399,              0.0007399
                      4,                0.42189,                 1.1784,                 1.0173,                0.54212,                0.81287,                0.71257,                0.66479,                0.45348,                 1.8186,                 1.1228,              0.0005075,              0.0005075,              0.0005075
                      5,                0.39158,                 1.0237,                 1.0023,                0.45878,                0.71111,                 0.6435,                 0.5837,                0.46758,                 1.1409,                 1.0953,              0.0005075,              0.0005075,              0.0005075
