                  epoch,         train/box_loss,         train/cls_loss,         train/dfl_loss,   metrics/precision(B),      metrics/recall(B),       metrics/mAP50(B),    metrics/mAP50-95(B),           val/box_loss,           val/cls_loss,           val/dfl_loss,                 lr/pg0,                 lr/pg1,                 lr/pg2
                      1,                0.52427,                 2.1293,                 1.1088,                0.67048,                0.36491,                0.36204,                0.23144,                0.91087,                 4.3349,                 1.6765,             0.00040675,             0.00040675,             0.00040675
                      2,                0.46742,                 1.2603,                  1.044,                 0.3874,                0.91228,                0.61518,                 0.5203,                0.65183,                 3.2692,                 1.4644,             0.00066038,             0.00066038,             0.00066038
                      3,                0.44145,                 1.1478,                 1.0215,                0.70656,                0.54106,                0.62137,                0.57054,                0.48411,                 1.7374,                  1.262,             0.00074901,             0.00074901,             0.00074901
                      4,                0.42333,                 0.9887,                 1.0301,                0.72757,                0.61404,                0.45544,                0.38337,                0.67242,                 1.3388,                 1.5621,              0.0005075,              0.0005075,              0.0005075
                      5,                0.41022,                 1.0155,                 1.0007,                0.86199,                0.60785,                0.66099,                0.62195,                0.44403,                0.80549,                 1.1571,              0.0005075,              0.0005075,              0.0005075
